Crop,Category,Year,Sales_Volume_mean,Sales_Volume_std,Sales_Volume_min,Sales_Volume_max,Yield_per_Mu_mean,Yield_per_Mu_std,Yield_per_Mu_min,Yield_per_Mu_max,Price_mean,Price_std,Price_min,Price_max,Cost_mean,Cost_std,Cost_min,Cost_max
Baby Bok Choy,G2,2024,77333.27474264761,2221.8003586491127,73532.3289563821,81261.30398307764,3607.600491648889,208.56709599098852,3241.6617304840343,3959.3531755625154,12.88001832093906,0.06965835107104931,12.757437243298101,13.002448315414604,2030.0,0.0,2030.0,2030.0
Baby Bok Choy,G2,2025,77467.20119397972,3177.0447881240707,70130.87897908842,85111.23742229742,3592.7555210646674,301.47366315386677,2983.2393007520386,4337.080063498679,13.52443364521581,0.14628746337299126,13.267842800273597,13.782363765899031,2131.5,0.0,2131.5,2131.5
Baby Bok Choy,G2,2026,77561.6878952567,3887.3154039922156,68283.94191066435,88369.9494979282,3593.090916574739,362.2658953896037,2744.1773052368903,4549.762254366981,14.201505411916635,0.23041605291776246,13.798668903133283,14.609060260625963,2238.0750000000003,0.0,2238.0750000000003,2238.0750000000003
Baby Bok Choy,G2,2027,77587.30550785121,4466.770569510852,66098.88687969685,90877.53501275693,3589.2793820293487,416.88894634857604,2612.6936877319417,4854.665978344274,14.912909025469855,0.3226088471800859,14.350732546693363,15.48534382952988,2349.97875,0.0,2349.97875,2349.97875
Baby Bok Choy,G2,2028,77610.1297733742,4813.630620170997,65212.95352413165,91537.5625712785,3590.831548240343,463.73577589090735,2459.2178109585493,5020.808640755299,15.660406856688606,0.423468907143619,14.92488341248338,16.41418881439294,2467.4776875000007,0.0,2467.4776875000007,2467.4776875000007
Baby Bok Choy,G2,2029,77569.79440135196,5292.636463613351,63378.20776676546,93220.25563650721,3600.9294612816434,509.7185966423034,2355.506203285699,5444.276596655041,16.445852806840943,0.5336400944217415,15.522005176491646,17.398747964559842,2590.851571875001,0.0,2590.851571875001,2590.851571875001
Baby Bok Choy,G2,2030,77522.15539324027,5711.457449176183,60843.19410742684,95457.6262065502,3597.2211725980796,554.429049324298,2238.870347765058,5845.730905320524,17.271197113701326,0.6538096923419777,16.14301686923156,18.44236313821585,2720.394150468751,0.0,2720.394150468751,2720.394150468751
Barley,G1,2024,30014.965837409534,869.3749581362907,28504.058793722852,31496.51463834169,498.85104395329193,29.472238717446356,450.01100868288813,549.98126818415,7.000021354361365,0.03984576331528151,6.930158386840602,7.069997617862552,367.5,0.0,367.5,367.5
Barley,G1,2025,30055.124511129987,1207.69274344696,27260.828023478327,32990.40990818854,498.14653515525066,41.58192544188886,409.49618759573843,600.4073476126302,7.000269294097778,0.07968991882855661,6.861013609528161,7.140695188083167,385.875,0.0,385.875,385.875
Barley,G1,2026,30074.479867304344,1484.8323084479982,26250.567284180783,34190.58592868289,500.6324734983726,50.31001109841584,374.9085091731152,653.1299915978605,7.0007438092092675,0.1195356624247057,6.7925587154713,7.212099709947225,405.16875000000005,0.0,405.16875000000005,405.16875000000005
Barley,G1,2027,30032.364917857267,1703.1844057084193,25393.09277697022,35666.89605603721,500.3074515814597,57.40526235477321,348.7556258715811,660.8591163888732,7.001444903223993,0.1593861900865401,6.724786821447236,7.284218252730583,425.42718750000006,0.0,425.42718750000006,425.42718750000006
Barley,G1,2028,30022.836600907172,1964.2222356873544,24401.887116831276,35951.86014567359,500.2153694634875,63.50799478842157,331.7468448460547,705.9873348004146,7.002372593197689,0.19924469815204002,6.657691112909673,7.35705795639945,446.69854687500015,0.0,446.69854687500015,446.69854687500015
Barley,G1,2029,30017.261044870538,2162.3126439694083,23595.184690068138,36984.1078276033,500.0546655901718,69.88554006763871,303.554195953437,735.076522345828,7.003526909714088,0.23911438357158055,6.591264843303588,7.430626032317265,469.03347421875014,0.0,469.03347421875014,469.03347421875014
Barley,G1,2030,29992.84032705477,2347.2760028413654,22493.348033172093,36905.90462530709,500.65225453266874,74.87984964060176,313.9959880329592,792.3999763267507,7.004907896886295,0.27899844416516567,6.525501333386852,7.504929763958646,492.4851479296877,0.0,492.4851479296877,492.4851479296877
Black Bean,G1,2024,65604.95068519775,1923.6060873350991,62273.39448322891,68816.91288845315,474.7757172070118,27.552575192456196,427.5044526302026,522.4930818919657,15.00124896995213,0.0871008612301829,14.850142325771534,15.149938819811432,420.0,0.0,420.0,420.0
Black Bean,G1,2025,65738.34738089422,2703.739926323401,59440.228350652425,71726.50896270746,474.7748739887341,38.45003509596906,385.1503585137435,572.7863154410297,15.003003308797124,0.17420393766981132,14.701781806378081,15.301376416268624,441.0,0.0,441.0,441.0
Black Bean,G1,2026,65671.50119701544,3373.5944683335333,57196.86034656794,74533.49131637502,473.95344513134944,47.18378455487007,359.58412547234684,609.4616251398681,15.005263068141547,0.2613161737935218,14.554903484476869,15.454327771025012,463.05000000000007,0.0,463.05000000000007,463.05000000000007
Black Bean,G1,2027,65727.88214179565,3907.9520353410535,54565.41691451532,77336.23164351606,474.51389647533017,54.7587040058439,327.12019402821824,638.1926455193561,15.008028329911014,0.34844451447303704,14.409492552156637,15.608808015489448,486.2025000000001,0.0,486.2025000000001,486.2025000000001
Black Bean,G1,2028,65747.92190511027,4367.627742596406,52981.59563353844,80716.63415401829,474.4310305657789,60.46955776167086,305.2397923731278,650.8102915195126,15.011299206353545,0.4355959055362833,14.26553434944473,15.76483243232316,510.5126250000001,0.0,510.5126250000001,510.5126250000001
Black Bean,G1,2029,65744.03381366786,4806.818878541644,53839.29296537918,80266.62578903881,475.06057752699303,66.40636379175439,294.0423143259621,681.6183968279284,15.015075840045073,0.5227772943265354,14.123014362829126,15.922416456951662,536.0382562500001,0.0,536.0382562500001,536.0382562500001
Black Bean,G1,2030,65782.16730297732,5118.204616238815,52963.59307458242,80487.08403560954,476.7874603160449,72.68254389456929,278.8514972306572,724.6331363750008,15.019358403897101,0.6099956302616653,13.981918223795207,16.081575679091756,562.8401690625002,0.0,562.8401690625002,562.8401690625002
Broomcorn Millet,G1,2024,37536.81128446692,1052.2272235765513,35628.14146978178,39374.1466662082,499.44423070869067,29.128741078126996,450.00995226854474,549.4930169120257,14.997455526967752,0.08810630583436238,14.850103560541402,15.149739518228785,378.0,0.0,378.0,378.0
Broomcorn Millet,G1,2025,37565.28946694164,1515.5396634545505,34047.33434563659,41287.14726801751,498.04965079762917,40.77717399048164,407.19457439720304,596.8446674069515,14.995428482785481,0.1761821823060692,14.701705050586963,15.300973831345527,396.90000000000003,0.0,396.90000000000003,396.90000000000003
Broomcorn Millet,G1,2026,37559.331581915954,1876.8169406110328,33143.22979316389,42657.14867451211,496.7225163851163,49.458240692700585,376.65429328040113,646.3345944507632,14.99391859772381,0.26423473131110997,14.554789501183398,15.453717861341321,416.74500000000006,0.0,416.74500000000006,416.74500000000006
Broomcorn Millet,G1,2027,37558.67960244761,2151.784836589046,32050.290334246325,44534.64235960741,497.451393012564,56.769242616751086,357.50368300757145,691.5004827034134,14.992925633568987,0.352271051434301,14.409342092963614,15.607986679168043,437.5822500000001,0.0,437.5822500000001,437.5822500000001
Broomcorn Millet,G1,2028,37570.19897295533,2460.037322472894,30541.597498690193,45157.769880612446,498.2967893857208,64.20221979478558,335.90314850253964,715.5651404345293,14.992449383598743,0.4402982385212487,14.26534815465187,15.76379550622537,459.4613625000001,0.0,459.4613625000001,459.4613625000001
Broomcorn Millet,G1,2029,37554.863659885195,2676.352649283723,30707.9876869359,47138.14755280316,499.6999653948793,69.48674909744956,330.7525970279433,767.8757533767573,14.992489672560383,0.528323386250016,14.122793161583896,15.921159715862654,482.4344306250002,0.0,482.4344306250002,482.4344306250002
Broomcorn Millet,G1,2030,37541.97812110771,2880.806137248428,29977.76897268895,46794.102074272974,497.2291752505117,74.93737269470758,329.97787694599657,831.0373895342108,14.993046356651181,0.61635358670253,13.981662734241786,16.080094834895775,506.55615215625016,0.0,506.55615215625016,506.55615215625016
Buckwheat,G1,2024,4725.147404241836,131.93670068659853,4488.89634832984,4960.758169395079,104.84615874872266,6.018279458440333,94.51898327934927,115.48883733424125,79.98669031855772,0.472547953544524,79.20037571874224,80.79744891489943,367.5,0.0,367.5,367.5
Buckwheat,G1,2025,4729.231426204291,188.3940250299294,4273.303514301547,5175.912428199401,105.03163680884222,8.87829271188221,85.26933493162109,126.8839970830136,79.97617132979609,0.9450725201065319,78.40874392487419,81.60284688944729,385.875,0.0,385.875,385.875
Buckwheat,G1,2026,4729.46893690054,235.43475159210792,4100.404915753396,5344.475230233703,104.93789252445022,10.727705362993982,80.08980105713582,136.6701687893855,79.96844241335076,1.4176116145133004,77.62502473105853,82.41627316075596,405.16875000000005,0.0,405.16875000000005,405.16875000000005
Buckwheat,G1,2027,4728.546515220481,273.15178755715874,3923.4658916112135,5552.888960485182,104.87765064564475,12.148683973360715,73.53522107579366,143.73066220759776,79.9635031184886,1.890203151157641,76.84913904845617,83.23780775578221,425.42718750000006,0.0,425.42718750000006,425.42718750000006
Buckwheat,G1,2028,4729.273284627179,305.52623601730943,3810.2058596144957,5778.451028269416,104.85147255526228,13.686910209579175,69.4401632790996,154.05688029392866,79.96135316407509,2.3628850469945477,76.08100857874491,84.06753149920041,446.69854687500015,0.0,446.69854687500015,446.69854687500015
Buckwheat,G1,2029,4728.703929905815,330.9979319062521,3700.3687530221623,5830.195655035599,104.7372785248555,14.75719611592264,63.97894507636613,155.24271399325008,79.96199243855386,2.8356952245376457,75.32055580621811,84.9055260213543,469.03347421875014,0.0,469.03347421875014,469.03347421875014
Buckwheat,G1,2030,4730.504810657003,362.2925658957811,3781.0177638729065,5865.246049265957,105.08357687848174,15.901716270434571,62.33707499732385,164.20942928792914,79.96542099993832,3.3086716148558004,74.56770398996207,85.75187376628797,492.4851479296877,0.0,492.4851479296877,492.4851479296877
Cabbage,G2,2024,7377.175447706589,210.07137496675014,7012.98014915182,7748.296848732538,4109.157001111686,245.3157702222903,3690.3605997908744,4509.596764730809,14.561780642848857,0.07942268531631637,14.421479175431024,14.69854369284125,3587.5,0.0,3587.5,3587.5
Cabbage,G2,2025,7383.2054305169495,285.18261799065374,6720.065649793135,8113.432752835223,4099.07799624163,343.7595309194449,3356.0735616965667,4934.3689805971435,15.292194024910641,0.16679416684443898,14.998490019763748,15.58032596324735,3766.875,0.0,3766.875,3766.875
Cabbage,G2,2026,7386.689521484054,355.01641721193823,6422.629738709052,8296.478130720721,4098.7870108844545,417.57913683132386,3084.904692905388,5303.90094029834,16.059721794950402,0.2627175916373127,15.598587366557666,16.515007349963952,3955.2187500000005,0.0,3955.2187500000005,3955.2187500000005
Cabbage,G2,2027,7390.81478281658,410.4900413755736,6376.580543604816,8598.251915542989,4098.208500677574,477.7388531044069,2976.8913569465863,5660.338835244999,16.86627335836384,0.3678372145431333,16.222694918722556,17.505761330844194,4152.9796875,0.0,4152.9796875,4152.9796875
Cabbage,G2,2028,7391.438605469129,463.0133821337264,6238.182099741904,8879.323734007208,4087.8214779160153,545.4259654396689,2737.4181840482993,5921.759160760753,17.713857510397986,0.4828410510423453,16.871773336999617,18.555951764269047,4360.628671875001,0.0,4360.628671875001,4360.628671875001
Cabbage,G2,2029,7386.0357739211095,507.5100522634322,6063.532102166494,8891.295141209159,4092.344055460532,604.7652966819107,2584.2208294429547,6117.621178394698,18.60458766660777,0.6084636959789153,17.54682171866339,19.66914431029062,4578.660105468751,0.0,4578.660105468751,4578.660105468751
Cabbage,G2,2030,7383.344113074677,548.4293626549894,5956.96298702234,8858.852121469366,4087.095686999804,643.6425556089987,2490.415508910751,6357.172215593561,19.540687371369145,0.7454893183602854,18.24887913538737,20.84911853694278,4807.593110742189,0.0,4807.593110742189,4807.593110742189
Cauliflower,G2,2024,6565.839275065773,188.90621914352107,6241.796935180803,6898.180685625832,3628.8452386096196,209.27890127097234,3270.5266245149464,3996.1601108192963,12.323029946528314,0.06852082033684687,12.202800095422813,12.437194348631522,3045.0,0.0,3045.0,3045.0
Cauliflower,G2,2025,6558.542907540863,269.5861839811853,5956.388168041706,7228.966045548414,3624.0080744421343,305.8556264828624,2959.6382675844575,4380.498367870414,12.942763420802592,0.14391976086122776,12.691050866663437,13.183278687411807,3197.25,0.0,3197.25,3197.25
Cauliflower,G2,2026,6559.383286664554,330.40369738343145,5709.989988480863,7445.900632005962,3634.4745199244953,380.5348192014058,2722.0747709869347,4692.963634289408,13.594083480291667,0.22672004008535118,13.198837221028665,13.974119248935725,3357.1125,0.0,3357.1125,3357.1125
Cauliflower,G2,2027,6563.804400075183,378.67911171814427,5463.323144856727,7659.209564514731,3636.8110059997653,432.0775008758987,2615.465559724073,5145.9070281640215,14.278620779960317,0.31748061225730556,13.726940803997621,14.812400876417588,3524.968125000001,0.0,3524.968125000001,3524.968125000001
Cauliflower,G2,2028,6563.215681681955,432.4046746789914,5319.460457938243,7974.867441344718,3640.096158218615,485.9566135905422,2581.6751433029003,5326.304788163372,14.998091179952755,0.4167984776567399,14.276174535757283,15.700969471861823,3701.216531250001,0.0,3701.216531250001,3701.216531250001
Cauliflower,G2,2029,6562.288505205947,483.63110647944694,5140.312826083994,8261.663843841054,3637.9637374255653,521.2404319642854,2365.052384346316,5382.274212992429,15.754300248045896,0.5253111375885653,14.847383862546451,16.642841657682606,3886.277357812501,0.0,3886.277357812501,3886.277357812501
Cauliflower,G2,2030,6569.958574623209,522.0768544295244,5108.871377809943,8378.793502451514,3631.4181417624027,545.480671368413,2198.323932569153,5364.355629929655,16.549148002494128,0.6436992029615259,15.441448058067692,17.641215017906195,4080.5912257031264,0.0,4080.5912257031264,4080.5912257031264
Celery,G2,2024,1801.7203341792415,52.4749108349795,1710.397895029863,1889.8039409119049,6023.442519600454,354.48528767426063,5431.162866974956,6632.243434070212,8.963937702754217,0.04839905350678961,8.874883437510627,9.045262470492608,1120.0000000000002,0.0,1120.0000000000002,1120.0000000000002
Celery,G2,2025,1802.3479045035685,71.66130163056792,1633.7954132498528,1974.0836017446666,6021.013167140155,486.0149655255279,4912.3726560516725,7230.191126255415,9.416545226340299,0.10164993547984573,9.230104222195367,9.587903104699455,1176.0000000000002,0.0,1176.0000000000002,1176.0000000000002
Celery,G2,2026,1803.5304777187937,88.54708485064306,1579.7008768165033,2058.1208488267316,6028.144450684853,590.7080143497221,4498.577125854212,7917.8581232417355,9.892293704213081,0.16012137771230203,9.599542861881865,10.163097670741116,1234.8000000000002,0.0,1234.8000000000002,1234.8000000000002
Celery,G2,2027,1805.624678244246,104.15779245931422,1541.4417963892192,2146.4961040537414,6016.033596889352,687.3363657663367,4297.211021338469,8574.420723178377,10.392380434732726,0.22420728160301165,9.983768431943991,10.772799134192045,1296.5400000000004,0.0,1296.5400000000004,1296.5400000000004
Celery,G2,2028,1800.061961872748,113.07120347764294,1488.4870208360567,2199.5647542384495,6011.695478066476,772.634604162516,3891.502746005748,8616.108528622624,10.918065358290018,0.2943283448933086,10.383372785226701,11.41907762234327,1361.3670000000004,0.0,1361.3670000000004,1361.3670000000004
Celery,G2,2029,1802.4888161524727,124.91954150175445,1508.0515556918397,2208.045133751484,6030.112023244125,853.0314393723173,3936.8378009818966,9106.315982856662,11.470674368807657,0.37093379028358886,10.798971463723483,12.104127452932444,1429.4353500000007,0.0,1429.4353500000007,1429.4353500000007
Celery,G2,2030,1802.2554643026263,137.51070473581524,1468.7272793861166,2313.4561121208963,6021.542044773298,920.0724534200858,3546.72755633105,9323.708087633746,12.051602801976047,0.4545032021874196,11.231204646744073,12.83027458453935,1500.9071175000006,0.0,1500.9071175000006,1500.9071175000006
Chili Pepper,G2,2024,2161.7853096117983,61.63602392751318,2052.0238100691936,2267.5938618235004,1806.347893369962,103.159399514641,1620.2803153666562,1979.593475523713,16.23797801195285,0.08751504868647327,16.085362285033494,16.39462425312893,1225.0000000000002,0.0,1225.0000000000002,1225.0000000000002
Chili Pepper,G2,2025,2163.143568793652,87.582367490347,1969.8234101694889,2373.364458576639,1810.3234713920262,146.69637151682423,1475.6058004793945,2166.9548408408978,17.048248780702178,0.18375416961243088,16.728806886257193,17.37825675008298,1286.2500000000002,0.0,1286.2500000000002,1286.2500000000002
Chili Pepper,G2,2026,2160.793399708211,105.40489211874679,1905.8347322525944,2463.1943618020623,1813.8915026104671,179.66625604094008,1379.6262323838885,2357.146951302727,17.899471161681806,0.2893766064233721,17.397990475979096,18.420904499483534,1350.5625000000002,0.0,1350.5625000000002,1350.5625000000002
Chili Pepper,G2,2027,2165.1817174658368,126.65033366997541,1850.065252153074,2529.111414352715,1815.582497495394,212.12175505882118,1285.0081308180183,2568.521820911266,18.793740408489338,0.40508634467137095,18.09394266191936,19.526108254642537,1418.0906250000003,0.0,1418.0906250000003,1418.0906250000003
Chili Pepper,G2,2028,2166.3100694778536,137.39120613943675,1798.059068592762,2592.9539106780744,1811.3379301172445,232.75378863114116,1189.1253292068222,2595.426826837827,19.733260230153856,0.5316349870098852,18.817734238034237,20.69762120436101,1488.9951562500005,0.0,1488.9951562500005,1488.9951562500005
Chili Pepper,G2,2029,2166.487790199565,153.42254118545847,1766.9144588963388,2599.9824555416294,1811.3256479733338,256.13348651876333,1198.2457844252542,2596.0037350536795,20.720348466556253,0.6698248074432598,19.570478832042635,21.939421718475817,1563.4449140625006,0.0,1563.4449140625006,1563.4449140625006
Chili Pepper,G2,2030,2166.413408892756,165.28968671347016,1736.5103087633706,2690.0733886694507,1814.6970881068653,280.20229597848925,1131.5853381373581,2720.9358511162136,21.757443063858833,0.8205119955684265,20.353334618856785,23.255726858104353,1641.6171597656257,0.0,1641.6171597656257,1641.6171597656257
Chinese Cabbage,G2,2024,150125.28304619069,4383.763846623591,142527.96618860285,157499.6391061242,4999.299596734247,287.258219062365,4501.35419746504,5499.20729894344,5.2496262408575625,0.02869277619984616,5.200081192689812,5.299953233179309,2100.0,0.0,2100.0,2100.0
Chinese Cabbage,G2,2025,150053.63774595706,6090.919139053274,136072.41712233424,164870.4828963203,5001.587606499399,398.1523298667439,4085.24825215436,5989.379977881439,5.5118796241661885,0.06025415700507805,5.408168882113259,5.617900854777561,2205.0,0.0,2205.0,2205.0
Chinese Cabbage,G2,2026,149918.04904710152,7556.92074216468,131554.53547048228,172103.34349946547,4994.598332007723,497.32747377150866,3803.991824429913,6429.867884867447,5.787407007295965,0.09490150807995132,5.624583458153488,5.954922359791828,2315.2500000000005,0.0,2315.2500000000005,2315.2500000000005
Chinese Cabbage,G2,2027,149755.73921758225,8525.756438285009,127241.53028266101,175708.3086629826,4984.727888948712,580.1382267711527,3527.76736310781,6831.429431005436,6.076888784834272,0.13286698556963883,5.849658131491635,6.312162002822092,2431.0125000000003,0.0,2431.0125000000003,2431.0125000000003
Chinese Cabbage,G2,2028,149661.6653903373,9409.72253142906,121767.0095801945,180504.69555804442,4982.204563130358,666.5647628489507,3281.1966341559564,7228.139120440458,6.3810406470631,0.17439848886686965,6.083739446646935,6.690832683041704,2552.5631250000006,0.0,2552.5631250000006,2552.5631250000006
Chinese Cabbage,G2,2029,149604.47230543086,10433.705977311183,118027.18647901136,187628.79851759248,4990.968345647505,744.7495728921913,3191.3378476341627,7859.900298697217,6.70061543160761,0.21976067284693093,6.32718781554677,7.092220062229734,2680.191281250001,0.0,2680.191281250001,2680.191281250001
Chinese Cabbage,G2,2030,149651.62232334504,11471.999868376615,117002.9110128411,186712.76608965578,4993.557043740916,809.6743729983541,3136.861734405064,8131.500519089408,7.036405073240118,0.2692360232112863,6.580378072448179,7.517686929846727,2814.200845312501,0.0,2814.200845312501,2814.200845312501
Climbing Bean,G1,2024,29609.402637671385,865.6933979813837,28150.332505866416,31105.6568780243,393.4624720067077,22.693167591991813,355.61062885217734,434.2509892167605,13.498517919213095,0.07724602654081957,13.365033787464276,13.63496007061039,367.5,0.0,367.5,367.5
Climbing Bean,G1,2025,29588.96802069167,1218.570561614979,26990.989206091806,32425.193135884434,394.0559126796323,31.983152780730506,321.17180342784184,474.9129378416352,13.497477555332202,0.15448080204299036,13.231416899263825,13.771269342751086,385.875,0.0,385.875,385.875
Climbing Bean,G1,2026,29638.1213486244,1507.9160240779026,25818.6633075117,33682.344235077166,393.982137028822,39.30966416103812,292.12923152965544,506.16540146827157,13.496878792594257,0.23171047442187806,13.09913584553236,13.908941304446818,405.16875000000005,0.0,405.16875000000005,405.16875000000005
Climbing Bean,G1,2027,29682.94378919203,1773.4058754724772,25014.59701807425,34330.100403751,392.32780074299376,45.26771457586914,267.46378232172674,519.4201864632867,13.496721541524312,0.3089411895835012,12.968177271268473,14.047989578562666,425.42718750000006,0.0,425.42718750000006,425.42718750000006
Climbing Bean,G1,2028,29654.06400091377,2014.032625058213,24489.7690526705,35827.0622022168,391.2386040272186,51.501800736328754,257.57710841896915,542.5501468121856,13.497005738924718,0.38617909191454686,12.838527954987361,14.188427924152057,446.69854687500015,0.0,446.69854687500015,446.69854687500015
Climbing Bean,G1,2029,29650.48157620294,2229.041814963112,23725.54290629606,37075.733727407605,392.00632040249394,56.95328271143753,239.9828010354494,583.2387147414527,13.497731347866186,0.46343032477222207,12.710174807385979,14.33027023781828,469.03347421875014,0.0,469.03347421875014,469.03347421875014
Climbing Bean,G1,2030,29664.677766013898,2391.1220463811655,22624.204939627292,36364.88928946342,392.4255499555818,61.053003421592194,244.03413390172102,589.879699976747,13.498898357680684,0.5407010309739894,12.583104870021543,14.473530555089532,492.4851479296877,0.0,492.4851479296877,492.4851479296877
Corn,G1,2024,413149.8480393438,5512.061097689478,403996.78368464607,423175.59163952444,948.3505999142017,56.290787748951026,855.372888179324,1044.6989900426609,5.999508325710748,0.034374454075862135,5.940143242739525,6.0598954537914045,525.0,0.0,525.0,525.0
Corn,G1,2025,443724.8846514879,11847.521995512636,424206.37096176407,465438.8079518169,947.9092298376779,81.48812604742716,776.4064603828386,1144.9819648341706,5.999213428627084,0.06874275971332638,5.8808836240440066,6.120388818480288,551.25,0.0,551.25,551.25
Corn,G1,2026,476647.45011936035,19101.39651652682,445426.92524259526,511922.9185887073,947.9126772919035,97.15004134352647,713.2734455426507,1210.5707837679101,5.9991152561856325,0.10310757185119136,5.822215186783756,6.181486062757408,578.8125000000001,0.0,578.8125000000001,578.8125000000001
Corn,G1,2027,512103.9549646082,27378.712207925666,467709.01927108463,563049.4709489495,950.7564256922922,113.46472328039988,668.8074024278806,1299.8836320597115,5.999213767277587,0.1374715442577411,5.7641320332581625,6.243193214896424,607.7531250000001,0.0,607.7531250000001,607.7531250000001
Corn,G1,2028,550296.0587484312,36795.52404107248,491105.75564865064,619282.1130374084,950.0615785610031,128.15220458033616,644.7204256393198,1379.8759654790447,5.999508932243156,0.17183732974572188,5.706628324602818,6.305516363348698,638.1407812500001,0.0,638.1407812500001,638.1407812500001
Corn,G1,2029,591441.9498136992,47480.02873596857,515672.8933881029,681130.7981192467,950.5589857601865,137.9853595691612,613.4423589526759,1473.8224452171246,6.0000007328668135,0.2062075803872366,5.649698280202568,6.368461657344014,670.0478203125002,0.0,670.0478203125002,670.0478203125002
Corn,G1,2030,635777.7347712871,59573.789600132164,541468.9807983079,749156.4092995808,952.62828444656,149.9075379161194,563.537412256164,1614.51440588204,6.000689162373342,0.24058494772857797,5.5933361771104,6.43203530749731,703.5502113281252,0.0,703.5502113281252,703.5502113281252
Cowpea,G1,2024,77854.14447053631,2173.3211188678806,73998.34531265315,81747.07809788028,3269.0256182236776,187.29335787523738,2940.3915710639644,3593.0609470372297,17.064860856946254,0.09855825748430033,16.896049335395258,17.237010242418375,2464.0,0.0,2464.0,2464.0
Cowpea,G1,2025,77727.51933785612,3152.8326355856175,70387.90495244856,85385.78418881352,3272.3624703848795,262.79857476643366,2683.9096831394813,3915.673719536592,17.0636238330073,0.19713153900971675,16.727137684225223,17.409054029134918,2587.2,0.0,2587.2,2587.2
Cowpea,G1,2026,77769.68225993242,3958.7422869618927,67304.76614994678,89235.83124456633,3279.8430568144563,326.25751637393546,2468.7333907705156,4196.912413877975,17.062955617591975,0.29572768411472816,16.559914661286243,17.58281499673907,2716.56,0.0,2716.56,2716.56
Cowpea,G1,2027,77755.03671581352,4609.0211062399,65156.183508608214,92778.5767691341,3290.745463935021,381.51750489566064,2369.770843597476,4542.096850544279,17.062856267414258,0.39435453505522866,16.394363385177396,17.75831028453157,2852.3880000000004,0.0,2852.3880000000004,2852.3880000000004
Cowpea,G1,2028,77777.93685702699,5259.242936664254,63395.39930163631,97055.24529184005,3292.6520066480866,428.0312456755981,2316.092202051166,4738.794619251685,17.06332587316895,0.49301993743134265,16.23046714326298,17.935557202881697,2995.0074000000004,0.0,2995.0074000000004,2995.0074000000004
Cowpea,G1,2029,77817.35622629194,5726.30844765618,63100.31075894732,96407.78342733535,3287.5771324777993,465.5066410003161,2146.0375539570196,4887.213143418169,17.064364559543105,0.5917317408146381,16.068209389985338,18.114573234934713,3144.7577700000006,0.0,3144.7577700000006,3144.7577700000006
Cowpea,G1,2030,77764.17308471118,6228.570845270022,61655.12507702952,100991.79992248552,3279.62114801263,506.4361051307643,2175.67434058914,5156.570465937616,17.065972485229874,0.6904977993757913,15.907573745194545,18.295376038336375,3301.995658500001,0.0,3301.995658500001,3301.995658500001
Cucumber,G2,2024,20254.946360661343,582.2188390909525,19238.570417700335,21259.925804298528,13466.388612360592,773.499759686231,12152.965050532908,14846.176476672374,15.676798710225007,0.08789798175888669,15.530868183184685,15.827880403273626,3587.5,0.0,3587.5,3587.5
Cucumber,G2,2025,20230.16713622952,820.6093106585037,18388.70887162668,22226.410395957544,13449.078380487397,1096.6821210651476,10960.258962192303,16215.50826146992,16.457794830137583,0.18454927283787223,16.15231249041016,16.77601326296875,3766.875,0.0,3766.875,3766.875
Cucumber,G2,2026,20211.640217430726,1011.8379431213867,17617.672592751795,22685.9816964404,13436.616083217112,1356.481738586547,9967.480357632267,17491.324178960287,17.278241652142064,0.2906147085645705,16.798622955948733,17.78094184620546,3955.2187500000005,0.0,3955.2187500000005,3955.2187500000005
Cucumber,G2,2027,20216.951355067955,1173.202067137516,17264.350073932197,23328.183723714905,13436.124298060073,1580.1847321318548,9308.883733431629,17972.629238768703,18.140158596868815,0.4067999356779005,17.470794561687057,18.846068370489068,4152.9796875,0.0,4152.9796875,4152.9796875
Cucumber,G2,2028,20243.759707166846,1338.3379080715952,16507.035623705513,24234.30157576703,13439.425999525307,1771.1859019461995,9039.657064636312,19472.629053578894,19.045669759691812,0.5338582896821769,18.169862102213944,19.974998855358404,4360.628671875001,0.0,4360.628671875001,4360.628671875001
Cucumber,G2,2029,20239.02385099807,1458.078421699457,16323.546759970932,25116.6932800286,13441.815519619173,1972.4256699525513,8901.650586498065,20015.052649913603,19.99700940011666,0.6725938512532744,18.8969017778657,21.171555330679052,4578.660105468751,0.0,4578.660105468751,4578.660105468751
Cucumber,G2,2030,20229.320595789257,1565.5461774124642,15607.200340798925,25816.915264493,13444.86746509939,2097.587614006517,8365.0648966804,20225.251778878293,20.996527722150564,0.8238646926259976,19.653032851514766,22.43978877624631,4807.593110742189,0.0,4807.593110742189,4807.593110742189
Eggplant,G2,2024,97237.73532777376,2820.1225321522106,92350.50670180238,102052.57673740429,7205.219193085521,421.9641367448135,6480.525213655211,7918.170777503497,12.322052765094824,0.06782506158991614,12.203187877431706,12.436909633247243,2464.0,0.0,2464.0,2464.0
Eggplant,G2,2025,97128.85852432872,3970.513731059653,87885.4982791817,106959.28855050994,7207.320729711138,602.5942746780493,5874.470274243607,8667.587747011383,12.940702839589916,0.14244398398727035,12.691857474877512,13.182675104450968,2587.2,0.0,2587.2,2587.2
Eggplant,G2,2026,97123.55302050724,4960.652443179395,84811.86321403726,110957.27627016375,7212.497185644951,754.974708512723,5455.065303883078,9424.040243632307,13.590824555831965,0.22437258434056467,13.200095563595134,13.97315957373706,2716.56,0.0,2716.56,2716.56
Eggplant,G2,2027,97073.38462304384,5706.02714901774,81201.39988338636,114160.17212789282,7222.0848922390305,861.4373148586179,5064.398998661319,9965.338743104918,14.27403920291387,0.3141618500930038,13.728685752494675,14.811044566151537,2852.3880000000004,0.0,2852.3880000000004,2852.3880000000004
Eggplant,G2,2028,97154.93318790778,6362.443843060196,79042.12684058263,117315.87453219353,7217.9185168469885,963.7134827955007,4989.431988151694,10567.915599489086,14.992052590052534,0.41240020935930927,14.278443029651623,15.69917240141116,2995.0074000000004,0.0,2995.0074000000004,2995.0074000000004
Eggplant,G2,2029,97117.01048090793,7055.425506461221,77832.78912857243,120123.25656527549,7210.700089161627,1047.1283437718266,4720.703540394896,11072.726902186207,15.746659501785697,0.5197159433201537,14.85021501886738,16.640555835777246,3144.7577700000006,0.0,3144.7577700000006,3144.7577700000006
Eggplant,G2,2030,97027.683100356,7594.493535102949,78441.44534031337,124973.68782222949,7210.494885194542,1131.37111391906,4352.442245346404,11514.394298409277,16.53974839041812,0.6367797493470584,15.44488328654801,17.638388282093747,3301.995658500001,0.0,3301.995658500001,3301.995658500001
Golden Oyster Mushroom,G3,2024,9004.875109380439,258.7503127466641,8551.188459093342,9449.038545887277,4998.875991592456,287.3380320854705,4500.554184585254,5499.172066666148,111.52420054408286,1.380698079326361,109.25104771729455,113.84838387982532,3150.0,0.0,3150.0,3150.0
Golden Oyster Mushroom,G3,2025,9004.410649945365,363.60415837909756,8163.61026050777,9912.265289735804,4998.362857360685,413.4399313765301,4129.8946096199215,6004.297078311271,108.17001502483377,2.677937273696738,103.78949067240497,112.70830010476583,3307.5,0.0,3307.5,3307.5
Golden Oyster Mushroom,G3,2026,8991.709496722433,469.7526653656539,7787.959171002587,10326.191169214191,5010.262711228484,499.61326599507555,3827.049477225312,6323.396592250625,104.93276628373744,3.895952483359514,98.60096172177924,111.57963318930379,3472.8750000000005,0.0,3472.8750000000005,3472.8750000000005
Golden Oyster Mushroom,G3,2027,9001.292268209367,545.1512657976854,7585.741182765774,10595.620278034095,5021.594553827626,570.0947584296565,3615.2416795327645,6825.252772067924,101.80796806231805,5.03877178220069,93.67181194814988,110.46226880439963,3646.5187500000006,0.0,3646.5187500000006,3646.5187500000006
Golden Oyster Mushroom,G3,2028,9000.642653346276,606.2299632762239,7504.376822576379,10979.037291352668,5019.48051860102,640.325259441155,3507.4970885941293,7378.104038744418,98.79131690439796,6.110226417169107,88.98907475576318,109.35609376591079,3828.844687500001,0.0,3828.844687500001,3828.844687500001
Golden Oyster Mushroom,G3,2029,9005.46286916447,658.4623621594371,7137.901486626777,11417.66864507007,5019.869830608214,696.3134384687617,3375.1986541059446,8015.10899289273,95.87868441099397,7.11396032576413,84.5404317605198,108.26099602312682,4020.286921875001,0.0,4020.286921875001,4020.286921875001
Golden Oyster Mushroom,G3,2030,8996.500774608845,694.1911985320091,7081.086089843432,11919.236492253598,5036.147949524078,756.6322264700232,3240.879061916913,7723.362057988833,93.06610983220266,8.053439194797274,80.31418038529766,107.176864647419,4221.301267968752,0.0,4221.301267968752,4221.301267968752
Green Pepper,G2,2024,4053.6233255046563,117.1885643327846,3847.6546120682433,4252.155527159853,2694.7654067232065,155.60806877359994,2430.3038566101045,2969.908615144423,12.107929669339063,0.0650868789236254,11.995004591734627,12.225292383094626,2030.0,0.0,2030.0,2030.0
Green Pepper,G2,2025,4054.9845833290487,168.0688741417682,3662.0136580368244,4457.347054509679,2687.706171509716,218.95327849249645,2190.028709891418,3261.0823392664906,12.71151961934977,0.13666800453167494,12.475156227375846,12.95876651897267,2131.5,0.0,2131.5,2131.5
Green Pepper,G2,2026,4061.047552008484,204.17667107912763,3530.4955290321705,4627.765745327473,2682.96571206512,272.9676025067159,2019.2461015523486,3522.611307708447,13.34558426995868,0.21523443784039972,12.974527996819086,13.736246498731061,2238.0750000000003,0.0,2238.0750000000003,2238.0750000000003
Green Pepper,G2,2027,4059.136176413919,234.60832371831214,3471.2292939949157,4769.866301446586,2677.840017799272,310.8958325748239,1891.3380106814848,3695.4739459980415,14.011681257089597,0.30131058123264326,13.493889268563677,14.560372516755528,2349.97875,0.0,2349.97875,2349.97875
Green Pepper,G2,2028,4069.1287516495754,267.7357254080638,3348.1700244582767,4955.262945889543,2669.300559048352,347.34662956380384,1756.404754783806,3855.017365618133,14.711448766203556,0.39545632152402466,14.034040208391321,15.433943169720665,2467.4776875000007,0.0,2467.4776875000007,2467.4776875000007
Green Pepper,G2,2029,4068.292173942853,289.81471333635733,3332.621624819819,5052.631622733585,2662.060315876295,380.05141005558266,1654.5739055328077,4094.0083395832407,15.446609743694028,0.4982693065024141,14.595813012159734,16.359924960164857,2590.851571875001,0.0,2590.851571875001,2590.851571875001
Green Pepper,G2,2030,4064.1670124591574,313.2824930209787,3273.5949105180853,5202.223624645186,2663.4986479548256,407.6945072338754,1628.604174174505,4185.342822608535,16.21897633072596,0.6103873630939122,15.180073187944162,17.341462370245935,2720.394150468751,0.0,2720.394150468751,2720.394150468751
Kidney Bean,G1,2024,11879.226036640064,337.2535367854833,11286.374554095326,12471.002001348026,3265.18570671352,190.1955127327202,2940.64036281244,3593.2493396724344,13.86797606036887,0.07874190116924447,13.728292359305545,14.005166664963541,2464.0,0.0,2464.0,2464.0
Kidney Bean,G1,2025,11861.271206366668,472.2430303807012,10784.01509465175,13058.002616029975,3272.3576040429944,270.4634092005331,2673.8988404688453,3938.2748903667516,13.869732266659387,0.1574824094931832,13.591298877588965,14.145049998562932,2587.2,0.0,2587.2,2587.2
Kidney Bean,G1,2026,11877.859028411678,569.9682433362832,10294.394224674732,13488.798453773185,3276.3921705479265,333.5415118645541,2407.8602066732897,4197.2909161376665,13.871935316844723,0.23622774410654862,13.455672442373265,14.286330484191069,2716.56,0.0,2716.56,2716.56
Kidney Bean,G1,2027,11886.919466054716,672.8355209762962,10001.115530849042,13965.66685830443,3278.0525634629,374.57729564201145,2281.2777028369783,4415.195274060606,13.874585268562715,0.3149841245480047,13.321399412015701,14.429022076575373,2852.3880000000004,0.0,2852.3880000000004,2852.3880000000004
Kidney Bean,G1,2028,11886.376725497132,751.5075778320451,9965.963802248552,14242.211501973039,3276.173072267121,421.80285652217873,2219.609952692889,4739.34238140368,13.877682205784273,0.39375777126413714,13.188466281002345,14.573138869822818,2995.0074000000004,0.0,2995.0074000000004,2995.0074000000004
Kidney Bean,G1,2029,11891.794661158661,833.0057536860362,9684.32597319519,14542.587896784747,3279.252032177718,465.0330226005001,2078.050399505103,4702.018308472982,13.881226238817005,0.47255490611332,13.05685967858966,14.718695098812043,3144.7577700000006,0.0,3144.7577700000006,3144.7577700000006
Kidney Bean,G1,2030,11863.397116106227,886.538382137739,9297.639477976969,14560.064503366088,3277.6044289174697,501.81452132982474,1940.7220240176036,4913.804169552586,13.885217504310688,0.5513817528695137,12.926566367459644,14.865705140599372,3301.995658500001,0.0,3301.995658500001,3301.995658500001
Lettuce ,G2,2024,1352.0193957692663,39.738375915741884,1282.5465826909588,1417.1464908536684,4531.160829922298,255.81394087381435,4080.3189366587494,4985.245983504753,11.763006162847235,0.06463793004672877,11.648584117100672,11.871492297621238,2030.0,0.0,2030.0,2030.0
Lettuce ,G2,2025,1349.9444356643016,54.7835899023729,1220.3787872174455,1480.301352577254,4522.908322105231,365.7643315966404,3698.2162352145897,5453.972902001085,12.354686417064356,0.13575725504864206,12.11513499403304,12.58324369397146,2131.5,0.0,2131.5,2131.5
Lettuce ,G2,2026,1348.9013244378004,66.30760115170298,1161.9216706191924,1539.220401810223,4544.929282078801,458.3009235647441,3408.0754185862434,5941.400743241103,12.976519529446332,0.21385063525784906,12.60037223821641,13.337667910006537,2238.0750000000003,0.0,2238.0750000000003,2238.0750000000003
Lettuce ,G2,2027,1349.6301243024204,76.94974961434642,1140.500310402045,1600.3647790754808,4537.5556198284985,522.0569223048973,3285.6850665081515,6255.622046013203,13.630061434487546,0.299444361550825,13.105044278896779,14.137323380524334,2349.97875,0.0,2349.97875,2349.97875
Lettuce ,G2,2028,1352.3057438629608,86.22949465739418,1116.3425183490688,1649.89076639639,4540.113860682881,577.2958948887408,3096.1046523661644,6720.499205531801,14.316949305821277,0.39310052879832325,13.62992952152304,14.98492193043529,2467.4776875000007,0.0,2467.4776875000007,2467.4776875000007
Lettuce ,G2,2029,1351.6913778404041,92.80951409655285,1082.0844592102092,1732.3292605528495,4546.614823679511,654.1565440114717,2962.3309386364344,7070.096164888721,15.038905844661432,0.4954193453138759,14.175837548358468,15.8833379712159,2590.851571875001,0.0,2590.851571875001,2590.851571875001
Lettuce ,G2,2030,1350.8714237772153,102.26243628133942,1105.6464115272804,1803.434555618322,4537.746307955394,699.6576746813968,2712.7029111329443,7093.049873085169,15.79774379692005,0.6070415867354642,14.743610367179265,16.835618248732544,2720.394150468751,0.0,2720.394150468751,2720.394150468751
Millet,G1,2024,210732.27277071757,6130.185387186434,200363.75672491227,221440.71426278393,380.43413337737644,21.836493029148855,342.00066186862114,417.9477532032034,13.500605856280506,0.07792398827255206,13.365486636403414,13.634701229366371,378.0,0.0,378.0,378.0
Millet,G1,2025,210307.70591336925,8449.70673089038,190948.2631174961,231620.70310500154,380.8174390975398,30.278715030428028,311.5482418204217,455.901070849215,13.501661078698952,0.1558542425084323,13.232313557620609,13.77074648993221,396.90000000000003,0.0,396.90000000000003,396.90000000000003
Millet,G1,2026,210356.20299599628,10616.584486953658,182761.0140337933,240894.17577379165,381.07895583887665,38.31843934244266,294.8310399367968,485.9910510078734,13.50316572061623,0.23379692267951682,13.100467409116886,13.908149192264544,416.74500000000006,0.0,416.74500000000006,416.74500000000006
Millet,G1,2027,210462.84080755757,12341.997992617204,178892.0014493387,246182.1210169777,380.72222575017304,44.42985060351563,274.04358714080587,521.3935118980529,13.50511986210497,0.31175818848892556,12.969934969421494,14.04692288073928,437.5822500000001,0.0,437.5822500000001,437.5822500000001
Millet,G1,2028,211104.9158979233,14008.490353875592,171825.2568654159,253178.74987775518,380.79836855374367,49.691869994326446,250.55111056405875,530.4463865634823,13.507523609952392,0.38974419987911085,12.840703148801802,14.18708123487633,459.4613625000001,0.0,459.4613625000001,459.4613625000001
Millet,G1,2029,211163.56544096305,15402.59248846404,164794.6376820687,253767.01697859413,382.31044072834925,55.57811824316506,238.70918600779555,578.6325301587439,13.510377097665083,0.4677611175399384,12.712758987950645,14.328638070688063,482.4344306250002,0.0,482.4344306250002,482.4344306250002
Millet,G1,2030,211096.14642250809,16605.545364342932,160634.1949667284,263670.34564232716,383.0074004322635,60.45763525692816,244.87135910894327,622.4244925714172,13.513680485475673,0.545815103416786,12.586089656686795,14.471607342041208,506.55615215625016,0.0,506.55615215625016,506.55615215625016
Morel Mushroom,G3,2024,4205.165581830587,120.65957053636741,3990.2962567934464,4409.792179677576,1001.2467135430924,56.54855996333608,900.2327414331874,1099.7862415299292,190.0,0.0,190.0,190.0,10500.0,0.0,10500.0,10500.0
Morel Mushroom,G3,2025,4211.078827623242,168.81404355323502,3795.853747539452,4623.454025537333,1002.0394784101779,79.17081270554613,815.8585562517037,1189.9541054651015,180.5,0.0,180.5,180.5,11025.0,0.0,11025.0,11025.0
Morel Mushroom,G3,2026,4210.91570635062,210.541801112172,3648.0076211831533,4817.271299329542,999.2749126755782,97.67489833993912,757.2893563894173,1279.6422882540362,171.47499999999997,0.0,171.47499999999997,171.47499999999997,11576.250000000002,0.0,11576.250000000002,11576.250000000002
Morel Mushroom,G3,2027,4211.8493950986685,241.68315984544145,3601.4983070381195,4872.364109351289,999.2304361819845,114.12319756104681,712.3746676444568,1363.6765697459637,162.90124999999998,0.0,162.90124999999998,162.90124999999998,12155.062500000002,0.0,12155.062500000002,12155.062500000002
Morel Mushroom,G3,2028,4210.804131913707,275.5713850691404,3462.700967964861,5038.906514450335,997.9039212171471,127.30407323426569,692.2889243282998,1439.6631938108483,154.75618749999995,0.0,154.75618749999995,154.75618749999995,12762.815625000003,0.0,12762.815625000003,12762.815625000003
Morel Mushroom,G3,2029,4212.574236627866,301.10926658145615,3413.3579361119946,5156.0571914466,998.806120213947,141.31333971474868,649.8696410384496,1523.0588704021852,147.01837812499997,0.0,147.01837812499997,147.01837812499997,13400.956406250005,0.0,13400.956406250005,13400.956406250005
Morel Mushroom,G3,2030,4214.01003811987,317.3193683066951,3305.2517163221687,5187.8529605204,1001.1966467340909,156.59541021612796,613.8529937869556,1559.0564187129337,139.66745921874994,0.0,139.66745921874994,139.66745921874994,14071.004226562505,0.0,14071.004226562505,14071.004226562505
Mung Bean,G1,2024,95616.58322570108,2773.026992205488,90750.78857910326,100287.3505209429,332.1344278985915,19.614622914000496,298.578567564215,364.807648193629,13.998135298765204,0.08045058188033874,13.860283424326338,14.139974992324895,367.5,0.0,367.5,367.5
Mung Bean,G1,2025,95730.59677523667,3945.1067715706045,86493.70936100502,105026.95809944902,331.2225918425785,27.956894465336063,270.1918181725018,397.16094929505147,13.996732690454657,0.1609043779579336,13.721961185903961,14.28134948454096,385.875,0.0,385.875,385.875
Mung Bean,G1,2026,95513.63789371256,4852.438836024262,82722.04068622549,109255.14008880653,331.7778832457413,33.5744968136874,250.22199484816628,424.78037270087424,13.995792128900579,0.24136779039079398,13.585019369588146,14.42413746914723,405.16875000000005,0.0,405.16875000000005,405.16875000000005
Mung Bean,G1,2027,95522.3932676764,5652.4244510849885,80028.20506377946,112763.88557261655,332.6007070925998,39.15230319142854,236.3726421418557,460.4625800897176,13.995313595476375,0.32184722301466934,13.449444199103919,14.568353078542737,425.42718750000006,0.0,425.42718750000006,425.42718750000006
Mung Bean,G1,2028,95427.37480455857,6089.842776848925,76658.1298245792,115644.41926194758,332.5907022535147,43.23698340881909,214.8501613564319,455.55693104382993,13.995297099098494,0.4023490818555426,13.315222035660147,14.714010586425266,446.69854687500015,0.0,446.69854687500015,446.69854687500015
Mung Bean,G1,2029,95317.37527150076,6622.36388367882,73589.11407293484,117777.10740100392,331.9744613429721,47.494170428970925,197.4769600697667,489.3554696591123,13.995742676230236,0.482879775642339,13.18233937657751,14.861124409204074,469.03347421875014,0.0,469.03347421875014,469.03347421875014
Mung Bean,G1,2030,95217.83780242404,7123.555238075993,73346.99884357798,115741.2770965542,331.77100895286924,51.22081594785199,208.66237875412446,515.2310566059582,13.996650390887533,0.5634457163198997,13.05078285393012,15.009709107426763,492.4851479296877,0.0,492.4851479296877,492.4851479296877
Naked Oat,G1,2024,42042.15569179355,1190.2304424805936,39909.68315239055,44097.304879804375,400.5175666610154,23.02412348078646,360.0078320556113,439.97762291660297,10.995374593977054,0.0626306042317048,10.890037676180954,11.109274826294836,420.0,0.0,420.0,420.0
Naked Oat,G1,2025,42045.65161211115,1751.0566919110681,38130.42090896828,46132.352502313624,400.25170950570765,31.32710981334909,328.0652515261647,479.2183369497256,10.991107375624539,0.1252582692786271,10.781174598967336,11.21963519692256,441.0,0.0,441.0,441.0
Naked Oat,G1,2026,41981.8098117048,2139.6957226354,36553.000174766334,47629.99011001444,401.21380737969423,38.39558885869518,308.6159952760921,514.1131395235949,10.987198175265137,0.18788791814783212,10.673399779658125,11.331091895762118,463.05000000000007,0.0,463.05000000000007,463.05000000000007
Naked Oat,G1,2027,42030.35379531989,2435.513174689985,35352.72971884571,49214.51612488105,400.2040500499364,45.57949935430662,281.5679794418433,552.8722467240245,10.983646844263346,0.2505244734781034,10.56670233940168,11.443655813820323,486.2025000000001,0.0,486.2025000000001,486.2025000000001
Naked Oat,G1,2028,42046.75634575586,2706.7549459793836,33896.89263746981,50580.43905305043,400.4968073395481,51.43482147462835,276.5806024097271,556.3465627616275,10.98045325501719,0.3131728579338779,10.46107150809761,11.557337950296057,510.5126250000001,0.0,510.5126250000001,510.5126250000001
Naked Oat,G1,2029,42082.35400204777,2851.046313869409,34172.91061226041,50761.329469655284,401.77304379754264,56.694863867044795,273.36785502783545,590.932459789467,10.977617300951426,0.3758379945992278,10.356496623309646,11.672149413655086,536.0382562500001,0.0,536.0382562500001,536.0382562500001
Naked Oat,G1,2030,42107.963334587956,3066.0827161301804,34168.372586753474,51639.1907385372,401.20696853441086,60.99352598363225,264.1559726130085,611.535261711762,10.975138896512211,0.43852480737192495,10.252967129189352,11.7881014227155,562.8401690625002,0.0,562.8401690625002,562.8401690625002
Potato,G1,2024,66091.38656298589,1926.3017031273723,62704.529751091875,69292.0597584832,2202.6015983106904,127.59599274224446,1980.224395167015,2419.881702361832,7.998982971233078,0.04681048879516046,7.920067602086946,8.0799531967495,2464.0,0.0,2464.0,2464.0
Potato,G1,2025,66013.88989162674,2649.2711654945438,60218.66680984772,72504.14372694596,2200.792113562046,182.51345340469425,1784.5194787009548,2655.398023133331,7.998239700589517,0.0936191977670252,7.840933852703408,8.160705457707808,2587.2,0.0,2587.2,2587.2
Potato,G1,2026,65961.7798895791,3245.3074584568685,57529.849517417155,74800.72933896861,2201.2558322570703,216.17233005581036,1627.540197538782,2866.7960768173134,7.997770141053709,0.14042989525970087,7.762590772112881,8.242264768842162,2716.56,0.0,2716.56,2716.56
Potato,G1,2027,66048.7360466327,3765.2178967161217,56287.827811254574,77423.83208358714,2201.623468799916,250.51084815545838,1558.3545652112268,3020.053303600917,7.9975742622153305,0.18724634998795617,7.68503046030879,8.32463919593275,2852.3880000000004,0.0,2852.3880000000004,2852.3880000000004
Potato,G1,2028,66034.31110121829,4238.762942526147,54692.856674019844,79167.49027866288,2203.7886266500277,290.1666606254926,1484.0894505227013,3097.6850496318602,7.997652050267673,0.23407233134124056,7.608245096217872,8.407836885370378,2995.0074000000004,0.0,2995.0074000000004,2995.0074000000004
Potato,G1,2029,66021.33593219971,4668.826218995797,52781.05714105159,81563.22126549497,2202.516032307136,312.8357040388424,1448.5332264737656,3297.9684090975848,7.998003508007179,0.2809116096877204,7.532226936911505,8.491866064962093,3144.7577700000006,0.0,3144.7577700000006,3144.7577700000006
Potato,G1,2030,65973.29483076489,5105.810865124486,51811.94842197729,83500.86153716668,2205.857049560399,335.58316219473403,1413.705530316841,3404.4972706469957,7.998628654834151,0.3277679566783523,7.456968316824926,8.576735044744881,3301.995658500001,0.0,3301.995658500001,3301.995658500001
Pumpkin,G1,2024,111281.063706559,3232.452968990343,105598.78479423883,116673.90789826226,2856.634960300177,167.30772523918824,2565.8205666196272,3133.4564636000146,3.0013190153231815,0.017481824672562915,2.9700907352337347,3.029960397454339,1050.0,0.0,1050.0,1050.0
Pumpkin,G1,2025,111108.87102505042,4537.353649994222,100817.93792966318,122081.8850196693,2847.160668338351,235.2770661228714,2334.7978986224784,3419.2837219317166,3.0027403801067325,0.034972334331283855,2.940479658507089,3.060220003380553,1102.5,0.0,1102.5,1102.5
Pumpkin,G1,2026,111254.18789275868,5635.301314368755,96988.13353017984,126803.65603521,2846.1258034495672,287.9801680405188,2214.3347128457035,3685.6250657550977,3.004264189226182,0.05247294834128061,2.9111637969583875,3.0907818059135526,1157.6250000000002,0.0,1157.6250000000002,1157.6250000000002
Pumpkin,G1,2027,111354.33626302406,6314.609630091037,93726.4121293046,132307.84191929665,2839.687694315287,330.65385576352264,2036.7000429571972,3894.9916993793763,3.005890543809312,0.06998508725441087,2.882140207364656,3.121648823030156,1215.5062500000001,0.0,1215.5062500000001,1215.5062500000001
Pumpkin,G1,2028,111261.99550617563,7072.219757822812,91292.74578942954,134288.4104282781,2834.2130904325277,365.2070035035404,1924.5077332048654,4203.461404024405,3.0076195512442587,0.08751017292395302,2.853405975846133,3.1528241028471076,1276.2815625000003,0.0,1276.2815625000003,1276.2815625000003
Pumpkin,G1,2029,111081.74381325222,7878.783969058445,88405.68395864617,139825.40457862013,2827.5126495543827,399.41160748457577,1808.3738644415878,4166.892124752697,3.0094513251880555,0.10504962861937454,2.824958217573725,3.1843107239220805,1340.0956406250004,0.0,1340.0956406250004,1340.0956406250004
Pumpkin,G1,2030,111153.52047041894,8445.407914962128,87051.9731107611,141197.31052952755,2822.1531241926564,428.67008528947576,1853.1915788930016,4300.0276607182295,3.011385985575632,0.12260487914120037,2.796794076479375,3.2161117955576874,1407.1004226562504,0.0,1407.1004226562504,1407.1004226562504
Red Bean,G1,2024,68420.0039289351,1965.3367677987806,64980.03268568668,71816.64933534001,378.3873952503369,21.93858779155646,342.0652250109098,417.96812582996216,16.503926073016174,0.09612347155759103,16.33500709838651,16.664618546435317,367.5,0.0,367.5,367.5
Red Bean,G1,2025,68303.64344589249,2746.2246697495434,62121.45448245096,75340.44082897562,378.1473634975442,30.206635582552128,310.99805875506473,451.4362794042207,16.508412503372455,0.19226772733568503,16.171664054808343,16.830879472617937,385.875,0.0,385.875,385.875
Red Bean,G1,2026,68283.12546427622,3380.0095154634037,59709.04217983669,77318.4696982474,378.609581398614,37.468837168918924,283.02164616461414,490.3815001303749,16.513459541708055,0.28844042765989564,16.009954371394922,16.998799164376138,405.16875000000005,0.0,405.16875000000005,405.16875000000005
Red Bean,G1,2027,68265.89844897625,3943.2552814655455,58780.22150878018,79803.43405065176,379.07307160089323,43.73467675685748,272.6881765937399,510.42196561891257,16.51906747233939,0.3846492341113266,15.849861715247282,17.168394171017685,425.42718750000006,0.0,425.42718750000006,425.42718750000006
Red Bean,G1,2028,68161.19969867755,4467.067295259654,56892.72293928359,82073.43609372254,380.3286721041887,49.01539169084971,256.9028977851922,535.2537195108679,16.525236613277166,0.4809018101495485,15.691369916788421,17.3396812069608,446.69854687500015,0.0,446.69854687500015,446.69854687500015
Red Bean,G1,2029,68229.9720212586,4798.801210130069,55373.21415860923,84032.31750254663,379.3364883528465,53.386705643817386,246.67064552839167,559.2127350641471,16.53196731624589,0.5772058217357425,15.534462968130144,17.51267715338151,469.03347421875014,0.0,469.03347421875014,469.03347421875014
Red Bean,G1,2030,68275.88440159879,5193.370801291756,53856.94771408453,87939.19461163449,380.0189346251636,58.743812681975086,247.53006944008456,576.4172864334946,16.539259966705767,0.6735689379560813,15.379125021456257,17.687399059877308,492.4851479296877,0.0,492.4851479296877,492.4851479296877
Red Radish,G2,2024,36011.897821830375,1059.2578851173444,34200.86761686648,37798.39848832058,2987.3596747179777,176.8100066311921,2700.572011871275,3299.904780298753,6.82556057368358,0.038415746436337515,6.760047771359215,6.889965170958437,525.0,0.0,525.0,525.0
Red Radish,G2,2025,36027.77651347866,1480.3726770438755,32536.379579948316,39523.99623227067,2984.1384458577263,244.57685679820764,2437.037203826709,3613.6921827248266,7.167654067512062,0.08066400698071563,7.03049936477826,7.303326162618511,551.25,0.0,551.25,551.25
Red Radish,G2,2026,36009.31586319404,1845.9891892018788,31251.283931354646,41111.74697470904,2983.64137256636,295.4947156622713,2222.1667933338535,3785.5194604214307,7.52713117982369,0.12703469045348498,7.311771009601792,7.741486598860165,578.8125000000001,0.0,578.8125000000001,578.8125000000001
Red Radish,G2,2027,35981.041502001295,2137.0034894063574,29893.49677205494,42011.0298771384,2991.0722921841057,346.2842276710789,2119.257317950884,4060.68737821605,7.904886924132673,0.17783740680747173,7.604295587407307,8.205934313475083,607.7531250000001,0.0,607.7531250000001,607.7531250000001
Red Radish,G2,2028,35987.20467810767,2346.5500926190875,29095.368220423377,42671.5784445519,2976.5946341653557,382.52655103027615,1983.030061443677,4232.023797278404,8.301862964092035,0.23340273509746057,7.908523298216844,8.698246402310161,638.1407812500001,0.0,638.1407812500001,638.1407812500001
Red Radish,G2,2029,36008.15264573511,2557.5594157941828,29253.439640833916,44293.184740150966,2981.6522986069726,413.87230631906965,1931.951634028808,4312.581388923453,8.719050072775387,0.29408357055129336,8.22492235336203,9.220094578512544,670.0478203125002,0.0,670.0478203125002,670.0478203125002
Red Radish,G2,2030,36028.42146184835,2732.827136144981,29190.435044936734,44709.96898325213,2981.209801989203,448.3473778442936,1757.322182579124,4656.37308711256,9.157490722959581,0.36025655558382086,8.553979696068858,9.773250849060638,703.5502113281252,0.0,703.5502113281252,703.5502113281252
Rice,G1,2024,20993.245682528774,596.6127825949291,19953.106283045923,22049.253809301834,501.4492918087996,28.564425949310074,450.1320663251295,549.842548299212,13.998379631451837,0.07995894564261823,13.860657218758258,14.139981974307993,714.0,0.0,714.0,714.0
Rice,G1,2025,21020.35425088153,861.6142274075897,19053.743851120416,23047.589830075445,502.6931766458461,41.10227384026854,407.39555815012164,599.8937158681458,13.997215667557212,0.15991231284053986,13.722701323993958,14.281363588125354,749.7,0.0,749.7,749.7
Rice,G1,2026,21028.58857858845,1053.1522097060026,18270.686897201667,23780.64347126539,502.3125226922616,50.972034843438024,385.1257021230238,643.7488062280696,13.99650802068843,0.23986635678566556,13.586118511948596,14.424158836045075,787.1850000000002,0.0,787.1850000000001,787.1850000000001
Rice,G1,2027,21069.66724557682,1211.1030082362806,17509.856437348088,24769.448188019214,502.07929706891485,58.2795497171648,366.03567152695587,671.2823390330551,13.99625662999709,0.319827330902707,13.450895116253253,14.56838185258805,826.5442500000001,0.0,826.5442500000001,826.5442500000001
Rice,G1,2028,21054.745093083773,1349.4490258735486,17348.10156247591,25282.65152447556,501.6122037060437,66.02167300473546,345.5277791036839,731.2193724754513,13.99646146140603,0.3998014873491223,13.31701760656113,14.714046913602193,867.8714625000002,0.0,867.8714625000002,867.8714625000002
Rice,G1,2029,21036.46941206419,1500.8920131182588,17219.482390859062,25984.628310355904,501.3930499078784,71.94924401585793,313.4820552092773,760.6812489186781,13.997122507603146,0.4797950775149256,13.18447258719374,14.861168437675515,911.2650356250003,0.0,911.2650356250003,911.2650356250003
Rice,G1,2030,21051.23521052503,1605.6158330339401,16680.800368393582,26029.821335949087,500.12312452050935,77.68814693207824,289.18586931735456,827.1364237678532,13.998239788037097,0.5598143525224202,13.05324679580052,15.00976098756333,956.8282874062503,0.0,956.8282874062503,956.8282874062503
Romaine Lettuce,G2,2024,8194.40044823023,235.6102135106604,7781.2723518300145,8599.469485374253,4538.761497070603,258.8405768027928,4080.944315223202,4986.1846460657725,11.201762937277174,0.06081336906470594,11.093476221088306,11.306648699548292,2030.0,0.0,2030.0,2030.0
Romaine Lettuce,G2,2025,8192.727403935098,339.0966922004891,7413.044599330499,8994.030806717672,4548.556463353493,376.0939573970359,3712.893820215516,5428.134143534888,11.764048825363846,0.12772101319155899,11.537363875111097,11.985028576405977,2131.5,0.0,2131.5,2131.5
Romaine Lettuce,G2,2026,8193.863645697495,419.4443343490252,7123.030485180961,9346.869167782874,4552.336562636709,465.70230419559954,3429.814090495202,5919.148803374124,12.354923013616528,0.20118581412081873,11.999012981492642,12.704110103200293,2238.0750000000003,0.0,2238.0750000000003,2238.0750000000003
Romaine Lettuce,G2,2027,8194.646410754482,475.7274412359924,6974.509939844247,9807.9158935482,4532.654745768702,531.9814146507725,3247.838451944045,6488.372786246679,12.97585697907168,0.28170222351828095,12.479134236254865,13.466335310368866,2349.97875,0.0,2349.97875,2349.97875
Romaine Lettuce,G2,2028,8185.803295978647,528.1803339350358,6761.056258787912,9960.262148907103,4541.875919066904,583.7773645207021,3114.526406665523,7061.404802004166,13.6283988232382,0.3697983012232289,12.978466772780843,14.274292746062194,2467.4776875000007,0.0,2467.4776875000007,2467.4776875000007
Romaine Lettuce,G2,2029,8173.433917405522,589.1738541893116,6525.756387825141,10072.894762080441,4541.889515149819,631.9496471485218,3006.5267153864365,7027.041091281861,14.314177305793402,0.46603788098988475,13.497779299690217,15.1307262669596,2590.851571875001,0.0,2590.851571875001,2590.851571875001
Romaine Lettuce,G2,2030,8180.584243320743,639.9464921861733,6500.183567014483,10269.820207485933,4526.224046003092,689.7422589370411,2823.4437550781377,7377.3638113193265,15.034906092769544,0.5710228715423563,14.037871284244819,16.03854435651937,2720.394150468751,0.0,2720.394150468751,2720.394150468751
Shiitake Mushroom,G3,2024,7198.3570272200195,207.58535574197973,6841.5487663805325,7559.707688929672,3999.718040739471,228.55294169232826,3600.160078225613,4399.570556063505,36.85768271060718,0.4374870333556061,36.102971302821594,37.61705154800954,2100.0,0.0,2100.0,2100.0
Shiitake Mushroom,G3,2025,7203.401439479901,291.13694864019817,6510.9452382535255,7916.908633921713,3990.244610621779,323.6069850703075,3254.867514519593,4813.411403277439,35.754736271190566,0.8485788833138926,34.30064570769367,37.23796229383177,2205.0,0.0,2205.0,2205.0
Shiitake Mushroom,G3,2026,7205.629787503317,357.6710020011925,6233.837711951557,8280.517438516381,3985.351845874401,401.123789072912,3005.2371202561694,5255.252443282639,34.689673433951214,1.2346119174923944,32.588295464555664,36.86269334605014,2315.2500000000005,0.0,2315.2500000000005,2315.2500000000005
Shiitake Mushroom,G3,2027,7206.3591775742825,415.83652011182284,6122.170584289105,8636.625629513304,3990.815865590328,464.1272625334111,2812.524235161169,5481.22004036879,33.6610666278283,1.5968573262600971,30.961428841176954,36.49120620517991,2431.0125000000003,0.0,2431.0125000000003,2431.0125000000003
Shiitake Mushroom,G3,2028,7201.099769780795,466.2255483793263,5935.024514860185,8724.064977455871,3997.433261923215,522.8017771755066,2611.925880266822,5901.4153569380305,32.66754546410505,1.9365242725753435,29.415778340720117,36.12346275971838,2552.5631250000006,0.0,2552.5631250000006,2552.5631250000006
Shiitake Mushroom,G3,2029,7206.42359882876,511.12748782967566,5793.261460530315,9046.017502604614,3997.3985989403554,559.7262744889935,2565.3686055074127,6044.2003862237625,31.70779434932652,2.2547628899855674,27.94728950750472,35.75942528223498,2680.191281250001,0.0,2680.191281250001,2680.191281250001
Shiitake Mushroom,G3,2030,7209.632490740739,550.1387675743422,5522.308653781112,8982.268809433719,4007.622641107785,595.9458285675855,2348.6052550879986,5899.385621187205,30.78055020081366,2.55266713610544,26.552110291607626,35.39905642550077,2814.200845312501,0.0,2814.200845312501,2814.200845312501
Sorghum,G1,2024,89935.69526820211,2581.9564081545022,85501.41970120251,94498.07794836002,601.0655539078094,34.56694873496552,540.0176203734314,659.7611940796818,12.001673752170717,0.06916322385985088,11.88098434810324,12.119866632140345,420.0,0.0,420.0,420.0
Sorghum,G1,2025,89914.83940152425,3709.136246275837,81403.70470834957,98736.86989311721,601.8426206485148,48.98745925158089,491.42298736183255,721.3848735164867,12.003745968460555,0.13834941852905178,11.763149089989513,12.240930598405747,441.0,0.0,441.0,441.0
Sorghum,G1,2026,89910.95452512843,4432.548987252099,78396.96490103201,102230.76009153068,601.5884249791378,59.693704433143616,448.51612152503606,770.5895788496798,12.006216834130695,0.20756402036200106,11.646482518547524,12.363203858830298,463.05000000000007,0.0,463.05000000000007,463.05000000000007
Sorghum,G1,2027,89856.71128773171,5165.615198832363,75727.8871890163,106633.73652013975,601.1273732691714,71.58059428998908,414.86011692113607,824.0867080431947,12.009086558031562,0.2768124694957547,11.530973042776761,12.486698492915504,486.2025000000001,0.0,486.2025000000001,486.2025000000001
Sorghum,G1,2028,89849.45162917826,5831.117404401702,75127.06714255817,105647.40422556124,600.3666875922231,80.5261491718389,399.4631018396998,868.2523984551491,12.012355372622109,0.3461002103028011,11.416609186635924,12.61142670082365,510.5126250000001,0.0,510.5126250000001,510.5126250000001
Sorghum,G1,2029,90036.9802990985,6401.268905196546,73001.90082467816,108558.11122167387,597.9577094299028,85.62044159828517,375.97808100186376,915.6779564630648,12.016023533990799,0.4154326918442532,11.303379587902755,12.737400804583027,536.0382562500001,0.0,536.0382562500001,536.0382562500001
Sorghum,G1,2030,89965.48204008232,6868.632601851554,71784.84058843186,108234.87547773134,597.474494760991,92.50855988854521,368.2353886939685,877.2076837279777,12.020091321878258,0.48481536832349975,11.191272997045191,12.864633249305287,562.8401690625002,0.0,562.8401690625002,562.8401690625002
Soybean,G1,2024,167541.05659701466,4774.3898248220075,159210.96695527885,175954.629680767,379.1426419179788,21.517554506231026,342.08213116677223,417.9346387614274,6.5001271128066085,0.03799727552821639,6.435004756073316,6.564989769350271,420.0,0.0,420.0,420.0
Soybean,G1,2025,167461.09149702283,6681.990826490046,151959.6199255839,183815.93379610413,379.1962473602465,30.99897791482103,310.82901013699507,458.25738366548177,6.500476127968952,0.07599317268699167,6.370659417028645,6.63062933410365,441.0,0.0,441.0,441.0
Soybean,G1,2026,167507.76600475478,8321.953794779021,145723.7170109143,189823.37691975926,379.542347202113,38.42514384368435,284.7421691617856,495.0876140464025,6.5010470403068235,0.11399075090764468,6.306957484292706,6.696925191191426,463.05000000000007,0.0,463.05000000000007,463.05000000000007
Soybean,G1,2027,167264.03735679036,9615.890774001058,142767.782340653,197466.55181580686,379.3526927373926,45.12365079029345,261.1050473544084,511.4183564994494,6.501839858096456,0.15199306934790394,6.2438925242731935,6.763883902503973,486.2025000000001,0.0,486.2025000000001,486.2025000000001
Soybean,G1,2028,167447.28839014735,10840.69271007108,136925.27947640268,201651.9231734419,379.1839283740441,51.28015424674246,237.9771751482503,546.0734680257112,6.502854603069472,0.190003187148678,6.181458167709019,6.8315120955402415,510.5126250000001,0.0,510.5126250000001,510.5126250000001
Soybean,G1,2029,167469.84689505977,11901.06374315424,136927.60962741252,207960.51912767516,378.3338355577317,55.81708869105892,236.4155547258887,576.168249616946,6.504091310412818,0.22802416369080325,6.119648109027043,6.899816464063741,536.0382562500001,0.0,536.0382562500001,536.0382562500001
Soybean,G1,2030,167408.0069531649,12583.087618993664,136323.8971345092,208330.95589975422,379.14246599251493,60.27716408453382,219.50173431385053,603.613908693754,6.505550028769665,0.26605905885179565,6.058456105705246,6.968803768765081,562.8401690625002,0.0,562.8401690625002,562.8401690625002
Spinach ,G2,2024,899.6916582003107,26.215592693646514,855.0071426277998,944.9124287937402,3004.137018917827,171.75976317472313,2700.5560031063765,3299.3484689095203,12.883852674882762,0.07354527947631209,12.75767378340156,13.002334839294381,2800.0,0.0,2800.0,2800.0
Spinach ,G2,2025,900.745146396885,36.84909183815377,814.6092631912945,988.9397863701905,3007.800864075227,246.3731060610843,2434.3592253027787,3614.322829840628,13.532532329943656,0.15443601686580885,13.268334812257457,13.782123201613732,2940.0,0.0,2940.0,2940.0
Spinach ,G2,2026,900.6030028034861,45.77880433064839,790.7143845102629,1032.6022292180908,3015.5409614426985,297.76766461469396,2239.45009070851,3868.0447896199857,14.214334198860032,0.24322839985083272,13.799436455195478,14.608677771504594,3087.0,0.0,3087.0,3087.0
Spinach ,G2,2027,900.6005849419955,53.092500315614224,767.85939980443,1067.9429976806605,3009.1570789826405,350.50780149386947,2068.8115658829474,4147.85623962218,14.930972110906987,0.34051644342180065,14.351796904089387,15.484803256341815,3241.3500000000004,0.0,3241.3500000000004,3241.3500000000004
Spinach ,G2,2028,900.3946004825895,60.449631740720235,753.0989299398775,1072.8051013793124,3003.053505689331,387.6951566325122,2058.5822121553674,4299.387990763399,15.684249672343833,0.4469344260185072,14.926267101196046,16.413472570072194,3403.417500000001,0.0,3403.417500000001,3403.417500000001
Spinach ,G2,2029,900.0152098418314,66.4175618996924,732.1465376158646,1102.7988061724511,2989.868953762578,428.0703223300237,1855.1129283387131,4209.010473869446,16.476065022662066,0.5631594777194692,15.523732050079728,17.39783692105862,3573.5883750000007,0.0,3573.5883750000007,3573.5883750000007
Spinach ,G2,2030,898.6052763103128,70.94156146515762,708.5179543419184,1136.316710136458,2982.9603301877232,467.65265379211013,1938.2337326671216,4467.410624835222,17.30841584540272,0.6899143297877478,16.145112179009733,18.44123650492195,3752.267793750001,0.0,3752.267793750001,3752.267793750001
Sweet Potato,G1,2024,113517.11896046517,3262.8235857350714,107733.13859074055,119054.15105057968,2102.5400208269884,123.39558851311054,1890.0066237133344,2309.9517828314647,6.499423885041821,0.03794734966915123,6.435248687974653,6.564978968851052,2100.0,0.0,2100.0,2100.0
Sweet Potato,G1,2025,113565.73314303694,4472.277382197178,102400.85458130503,124869.46952211871,2096.4952932623105,175.6558948671671,1707.322369416786,2528.5922855470862,6.499069138276568,0.0758873382269493,6.371142411704536,6.630607517147173,2205.0,0.0,2205.0,2205.0
Sweet Potato,G1,2026,113595.24859440526,5561.830517206556,98904.03441261576,130024.88154352672,2096.2826184156097,211.5804232313156,1572.084209098086,2741.562565931488,6.498935695650011,0.1138230617513435,6.307674745510966,6.696892138581059,2315.2500000000005,0.0,2315.2500000000005,2315.2500000000005
Sweet Potato,G1,2027,113476.11217867922,6374.904108364582,95520.85695212292,132248.03263031217,2095.490330694313,244.9357789045282,1437.0873712724294,2967.504706679692,6.499023506663692,0.15175761593147413,6.2448393277262,6.763839391761322,2431.0125000000003,0.0,2431.0125000000003,2431.0125000000003
Sweet Potato,G1,2028,113570.86586271791,7261.5212592857115,93428.50954059705,138681.31175940932,2094.0236022255795,277.57606983228635,1330.1182729195405,2929.0682738976957,6.499332534369935,0.18969409632332987,6.1826298600557745,6.831455900861443,2552.5631250000006,0.0,2552.5631250000006,2552.5631250000006
Sweet Potato,G1,2029,113483.04380296418,8085.769303998907,89661.1073947681,143299.95402443153,2093.4427474367235,305.66259906952644,1290.0189205461847,3074.4899562046385,6.499862755367838,0.22763559860536015,6.121040106947206,6.8997483562751984,2680.191281250001,0.0,2680.191281250001,2680.191281250001
Sweet Potato,G1,2030,113517.8483524243,8717.402124177932,90177.4906307155,141010.11335371592,2094.9482439863195,330.10803190649364,1244.6552056218302,3258.3633680841635,6.500614159800253,0.2655852188340641,6.060063894964959,6.9687235152786595,2814.200845312501,0.0,2814.200845312501,2814.200845312501
Sword Bean,G1,2024,58048.44207877577,1686.209120853021,55178.441005480374,60983.720768707935,2196.101411355555,122.43124138138725,1980.6387531672965,2419.34595058221,14.401925446463952,0.0844601105061085,14.2560609531337,14.54370692914699,1232.0,0.0,1232.0,1232.0
Sword Bean,G1,2025,58066.491201024495,2390.877199172477,52569.90341895133,63718.82097834153,2190.644974605687,180.94052621868516,1795.7492777642567,2645.1430801093898,14.404346037657108,0.16893728836991848,14.113560687462728,14.68884800284154,1293.6,0.0,1293.6,1293.6
Sword Bean,G1,2026,58134.41533303536,2841.548251388281,50476.97089310663,66079.86900890904,2191.0851652269025,227.5213262036265,1633.1162342931348,2883.024440667063,14.407261936545348,0.2534383159000121,13.972484821265294,14.83543753334121,1358.28,0.0,1358.28,1358.28
Sword Bean,G1,2027,58224.48577595415,3238.8670265812825,49654.14070989546,68870.0064268257,2189.665173635455,262.1821135912227,1533.5111578866013,3026.446429299476,14.41067333612239,0.33796997607285295,13.832819116575934,14.983489975734855,1426.1940000000002,0.0,1426.1940000000002,1426.1940000000002
Sword Bean,G1,2028,58199.89385890167,3617.9161893376286,48161.478177878584,72179.61469474706,2191.60824204848,298.3777994282596,1499.325397244636,3258.542143908749,14.4145804594214,0.42253905308667633,13.694549477748579,15.133019929368018,1497.5037000000002,0.0,1497.5037000000002,1497.5037000000002
Sword Bean,G1,2029,58219.94496526671,4011.3357046034002,46327.33932496702,75301.72150234114,2190.9474791563107,322.56473202084334,1392.585252638497,3348.4665880021334,14.4189835595288,0.5071523329155123,13.557661950033959,15.28404213928258,1572.3788850000003,0.0,1572.3788850000003,1572.3788850000003
Sword Bean,G1,2030,58197.782372095186,4339.772968644279,44035.765435550464,77206.45406488118,2185.0845253177426,336.7769357550978,1389.977566845846,3386.06476630748,14.423882919600203,0.5918166038634053,13.422142718171221,15.43657149767074,1650.9978292500004,0.0,1650.9978292500004,1650.9978292500004
Tomato,G2,2024,79682.85354327496,2267.341328647795,75684.70522934767,83628.37249260946,2707.608845045862,154.13745062476866,2432.077138689868,2969.4975096645003,14.002730295236184,0.0757535650443219,13.866809439690542,14.133207738506858,2464.0,0.0,2464.0,2464.0
Tomato,G2,2025,79693.479633581,3209.788730184393,72215.77982675478,87529.39336055788,2706.139392315003,218.5012094156864,2211.9301628629364,3255.285385612106,14.706164143885466,0.15908469255585933,14.421630302751804,14.98106707348426,2587.2,0.0,2587.2,2587.2
Tomato,G2,2026,79664.26222871972,3931.80759559167,68720.9705785824,90684.17037514906,2715.876801018921,264.21079165070216,2118.4375933367373,3531.7855923005773,15.445386699412198,0.25056821293800646,14.998649941344441,15.879789982054351,2716.56,0.0,2716.56,2716.56
Tomato,G2,2027,79726.90883586877,4563.61388330488,66958.89562742205,93046.51119031315,2713.419493196084,308.0544693705674,1989.9903074833057,3704.7980151671486,16.222240984377652,0.3508181355456658,15.598756544193682,16.832427799517568,2852.3880000000004,0.0,2852.3880000000004,2852.3880000000004
Tomato,G2,2028,79758.26763440561,5053.757188006477,65724.49650373864,96993.89498792864,2709.7532642164047,342.58525618780243,1947.9388897286246,4013.3129166292993,17.03866602300134,0.4604901778174912,16.222873837084467,17.842214912549974,2995.0074000000004,0.0,2995.0074000000004,2995.0074000000004
Tomato,G2,2029,79708.15217080219,5559.838420035546,63804.78341303213,100329.36921269863,2711.2200049262983,381.00541377632817,1839.5658900128399,4146.49553638824,17.89670189544636,0.5802844526545424,16.871962504724372,18.91257974056153,3144.7577700000006,0.0,3144.7577700000006,3144.7577700000006
Tomato,G2,2030,79550.56330611961,5995.885731274128,61193.86143336537,102383.43438390676,2719.584929518941,410.4176906255604,1743.2405239474679,4189.270211714007,18.798495060841155,0.7109483237581763,17.547021669496257,20.04715637583242,3301.995658500001,0.0,3301.995658500001,3301.995658500001
Water Spinach,G2,2024,6598.114450112322,180.35103112477466,6272.178713341799,6928.227818346893,11008.919312381242,624.9609033707566,9902.595268046332,12096.98347627937,10.079569686936312,0.055965107294125925,9.984175438641845,10.17541137581916,5110.000000000001,0.0,5110.000000000001,5110.000000000001
Water Spinach,G2,2025,6601.140342438104,262.9903105428911,6012.740892733752,7247.332881603578,11003.35680779291,892.0041032486519,8946.530338513181,13206.718418800656,10.583422295306935,0.11751090349237954,10.383724915581157,10.785312152828121,5365.500000000001,0.0,5365.500000000001,5365.500000000001
Water Spinach,G2,2026,6598.753212112841,322.3320064162661,5758.884965670777,7526.462606934633,11007.177184582872,1075.295090501955,8303.130686285673,14451.333195066087,11.112803381979182,0.18505910727825908,10.799263673308204,11.43176958037999,5633.775000000001,0.0,5633.775000000001,5633.775000000001
Water Spinach,G2,2027,6606.740494896322,378.8093167101879,5637.930019856322,7840.615551321432,11078.930951269733,1265.7429920473596,8079.200572969589,15006.332131462159,11.669023175461154,0.25906005193463144,11.231431575256341,12.116974816035622,5915.463750000002,0.0,5915.463750000002,5915.463750000002
Water Spinach,G2,2028,6604.533868666514,424.3818364617934,5406.466274316755,8188.6887708177355,11082.447275261386,1401.1873482202539,7629.2471369925715,15701.125336937315,12.253459971979112,0.3399945233267392,11.680894091089673,12.843250352458663,6211.236937500003,0.0,6211.236937500003,6211.236937500003
Water Spinach,G2,2029,6608.060585838921,466.55925446988476,5215.776160796415,8075.463222074116,11065.56372118309,1505.8592331358047,7529.697896240903,15910.856686795298,12.867563711754311,0.4283757122741485,12.148343321420226,13.613057889468886,6521.7987843750025,0.0,6521.7987843750025,6521.7987843750025
Water Spinach,G2,2030,6617.136765334459,501.3374062723517,5023.244049540251,8245.77214983442,11101.239953218004,1675.08772738774,7174.558168677122,16863.770042108783,13.512859745131678,0.5247512882936965,12.634499063532555,14.429006677936089,6847.888723593753,0.0,6847.888723593753,6847.888723593753
Wheat,G1,2024,544267.3225696253,7145.744759971876,531492.9926837019,556760.7158554641,758.8096943281577,43.739249947175104,684.0427118140985,835.5596023549509,7.003917164708432,0.04097947489934617,6.93012047948996,7.06957764390491,472.5,0.0,472.5,472.5
Wheat,G1,2025,585344.4148562017,15365.553489136006,558093.8858698389,612419.9753435452,759.7447592271277,61.94680221180348,622.6343647033888,905.7886468258081,7.008076184020438,0.08196890460342918,6.860938551463737,7.1398468661714425,496.125,0.0,496.125,496.125
Wheat,G1,2026,629630.0064278373,24783.959949704287,586026.1371887092,673643.4800783506,758.1113588970177,76.80685081608618,568.231067969407,986.2126063689485,7.012477249978628,0.1229715179651984,6.792447252003004,7.210814540855735,520.9312500000001,0.0,520.9312500000001,520.9312500000001
Wheat,G1,2027,677382.5433403325,35538.66741067482,615356.3802854763,740987.4865650951,757.7463525907989,89.36600354527555,537.0325477191714,1024.3104207833014,7.017120569065003,0.16399054433668994,6.72463968670876,7.282487610339737,546.9778125000001,0.0,546.9778125000001,546.9778125000001
Wheat,G1,2028,728881.8544646755,47781.88465466399,646154.5837777343,815063.8601626431,758.2374705172526,100.32917489394545,495.0792733610587,1101.3716856912224,7.022006362212058,0.2050292138265394,6.657509030007334,7.354873086010328,574.3267031250001,0.0,574.3267031250001,574.3267031250001
Wheat,G1,2029,784430.9613964678,61681.79474820755,678494.2181688001,896545.6342896932,756.2837204976339,108.89890093604436,478.48132848951906,1146.8625270474017,7.027134864814894,0.2460907575575091,6.591048524463309,7.427978048945217,603.0430382812502,0.0,603.0430382812502,603.0430382812502
Wheat,G1,2030,844358.0445206704,77424.169628543,712452.4311149125,986173.1253837141,755.9182672996332,119.28638715323233,477.7170033761944,1204.035701996505,7.032506326744358,0.28717840792405785,6.525251480099323,7.5018096506056455,633.1951901953128,0.0,633.1951901953128,633.1951901953128
White Elf Mushroom,G3,2024,18007.67656379582,519.5119302161899,17103.839995707203,18899.867061195848,9997.88823980436,573.1745019894495,9000.097340040396,10998.615481583398,31.033719747352432,0.361420330905199,30.40017987645404,31.678414467953786,10500.0,0.0,10500.0,10500.0
White Elf Mushroom,G3,2025,18000.479303975768,714.6959915423882,16377.859799177084,19757.979433843102,9983.924809229073,816.5717327118871,8203.255061479813,11967.795250286845,30.100695480879637,0.7010983902238915,28.880341766273787,31.36006072510824,11025.0,0.0,11025.0,11025.0
White Elf Mushroom,G3,2026,17994.702754616577,893.8059618408605,15625.995532295157,20569.550094501534,9995.03324461926,972.6956192567751,7577.7092331387885,12837.073057983773,29.19967756149387,1.0201290427154697,27.436487018380983,31.04490629344307,11576.250000000002,0.0,11576.250000000002,11576.250000000002
White Elf Mushroom,G3,2027,17966.912252309972,1015.781224014241,15159.346167334843,20979.50937564449,9969.41411352475,1121.2875967565722,7065.922429835117,13504.743946102044,28.32946612020217,1.3195541109417366,26.064816891774313,30.73291902132739,12155.062500000002,0.0,12155.062500000002,12155.062500000002
White Elf Mushroom,G3,2028,17949.880545921733,1148.9122254772433,14642.260695468654,21971.405045858617,9960.169976049558,1233.4276065715217,6714.510670130098,13694.052345235774,27.488908995591395,1.6003649219175256,24.761722561149277,30.424067080239677,12762.815625000003,0.0,12762.815625000003,12762.815625000003
White Elf Mushroom,G3,2029,17950.12547743857,1261.5471706135286,13975.218836264386,22103.470172135847,9983.362080700437,1362.914747365174,6888.431655816516,14663.388745169204,26.676899759241763,1.863504731671644,23.52377562218088,30.11831896152066,13400.956406250005,0.0,13400.956406250005,13400.956406250005
White Elf Mushroom,G3,2030,17949.494869435362,1363.998617396408,13945.342795307459,22100.300886900215,9974.915729656455,1462.4177062322567,6225.995317376758,14643.549337073631,25.89237582524034,2.109871033575613,22.347719071488854,29.815643473158843,14071.004226562505,0.0,14071.004226562505,14071.004226562505
White Radish,G2,2024,100121.80810479728,2916.277961217463,95004.60208153396,104988.90716132548,4004.757892365654,232.0648720540484,3600.195602668338,4399.757767727256,5.24897845122201,0.028380584385229602,5.200308883258094,5.2999613471692895,525.0,0.0,525.0,525.0
White Radish,G2,2025,100173.43618425031,4071.7484072280945,90503.41587961662,109804.29291582506,3992.939213428211,324.23071046059107,3282.187603957887,4819.026036064736,5.510515886701099,0.059597276509952286,5.408642496258608,5.617918056297703,551.25,0.0,551.25,551.25
White Radish,G2,2026,100054.29065458018,4814.067875821285,86655.30054392388,113800.66285269859,3992.3086380572086,398.06612887725674,3063.6121966173164,5167.397009765301,5.785253770718796,0.09386483468005875,5.625322323932174,5.954949709988449,578.8125000000001,0.0,578.8125000000001,578.8125000000001
White Radish,G2,2027,100175.68592332129,5706.614272277682,86334.19076341137,116406.60457116737,4003.4431560760286,467.9656047703462,2866.9933060824246,5521.973626077756,6.073866724223447,0.13141261729057024,5.850682730466909,6.312200657455151,607.7531250000001,0.0,607.7531250000001,607.7531250000001
White Radish,G2,2028,100236.83122500483,6239.679308478435,83240.8376174918,119299.89183592905,4004.174168783291,544.0460088311124,2795.2222365370944,6064.195706173768,6.377064258040915,0.17248552230732325,6.085071475274358,6.690883900017775,638.1407812500001,0.0,638.1407812500001,638.1407812500001
White Radish,G2,2029,100114.4768937147,6934.503035694178,82128.98933899608,122801.29425175823,4003.664656487311,593.5376670898594,2648.1123161260193,6236.889611108143,6.695592597639677,0.21734498531408264,6.328850249625935,7.092285209698304,670.0478203125002,0.0,670.0478203125002,670.0478203125002
White Radish,G2,2030,100063.92347801029,7515.198200159282,79419.8308204506,126042.94416185454,3989.597280411742,625.6478796836086,2486.1236290463703,6243.119504334683,7.030236604333445,0.26627003970504876,6.58239523478799,7.517767494900291,703.5502113281252,0.0,703.5502113281252,703.5502113281252
Yellow Heart Cabbage,G2,2024,3299.653006492009,95.43631967674598,3135.4681902127927,3464.4308174809435,5473.786290207507,312.8254592142457,4920.009285607247,6013.002406195472,10.080073050586257,0.054966085518589336,9.9841264429898,10.175965915904605,2537.5,0.0,2537.5,2537.5
Yellow Heart Cabbage,G2,2025,3291.9232250312716,134.75294859473675,2980.8647580192965,3627.492004199052,5465.336931892105,444.5524691963226,4482.7259650935675,6574.775006599117,10.584467807754377,0.11542553565396384,10.383623003084184,10.786487741838778,2664.375,0.0,2664.375,2664.375
Yellow Heart Cabbage,G2,2026,3295.77953215173,164.64095576895235,2863.2287411598777,3776.4430581985093,5487.499450318086,555.1208136682968,4114.203084484449,7060.676203117096,11.114431961517855,0.18179439238151632,10.79910468740937,11.433638709716066,2797.59375,0.0,2797.59375,2797.59375
Yellow Heart Cabbage,G2,2027,3300.7625146349346,195.21411612439218,2759.736642111115,3903.665012029976,5485.4836803255,625.0860641791421,4071.450336999584,7673.493729047352,11.671277969230777,0.25451698907792464,11.231211111476979,12.11961643800398,2937.4734375000003,0.0,2937.4734375000003,2937.4734375000003
Yellow Heart Cabbage,G2,2028,3299.902680549062,218.58547941723836,2726.179445658941,3957.2759564991093,5490.224098933233,700.6030050124988,3791.498534532942,7537.358897139203,12.256386455022477,0.3340677716770666,11.680607483843561,12.846750394475592,3084.347109375001,0.0,3084.347109375001,3084.347109375001
Yellow Heart Cabbage,G2,2029,3298.8050821688216,235.36054474067578,2658.881504864113,4032.0795688983508,5487.008653193367,770.9836179172706,3610.5688934464574,8063.478017130067,12.871209789490617,0.42095323340853796,12.147985630169483,13.61750980669976,3238.564464843751,0.0,3238.564464843751,3238.564464843751
Yellow Heart Cabbage,G2,2030,3298.663679359475,252.96233995158317,2655.023775111265,4119.4313615867495,5488.779721593943,840.1490314538211,3604.230806321277,8521.32987412885,13.517275859300945,0.5157139700660324,12.634065058253674,14.434512047132653,3400.4926880859384,0.0,3400.4926880859384,3400.4926880859384
